pais,abreviatura,capital
Afganistán,AFG,Kabul
Albania,ALB,Tirana
Alemania,DEU,Berlín
Andorra,AND,Andorra la Vieja
Angola,AGO,Luanda
Anguila,AIA,The Valley
Antigua y Barbuda,ATG,St. John's
Arabia Saudita,SAU,Riad
Argelia,DZA,Argel
Argentina,ARG,Buenos Aires
Armenia,ARM,Ereván
Aruba,ABW,Oranjestad
Australia,AUS,Canberra
Austria,AUT,Viena
Azerbaiyán,AZE,Baku
Bahamas,BHS,Nassau
Bahrein,BHR,Manama
Bangladés,BGD,Daca
Barbados,BRB,Bridgetown
Bélgica,BEL,Bruselas
Belice,BLZ,Belmopán
Benín,BEN,Porto-Novo
Bermudas,UMB,Hamilton
Bielorrusia,BLR,Minsk
Birmania,MMR,Naipyidó
Bolivia,BOL,La Paz
Bosnia y Herzegovina,BIH,Sarajevo
Botsuana,BWA,Gaborone
Brasil,BRA,Brasilia
Brunéi,BRN,Bandar Seri Begawan
Bulgaria,BGR,Sofía
Burkina Faso,BFA,Uagadugú
Burundi,BDI,Bujumbura
Bután,BTN,Timbu
Cabo Verde,CPV,Praia
Camboya,KHM,Phnom Penh
Camerún,CMR,Yaundé
Canadá,CAN,Ottawa
Catar,QAT,Doha
Chad,TCD,N'Djamena
Chile,CHL,Santiago
China,CHN,Pekín
Chipre,CYP,Nicosia
Ciudad del Vaticano,VAT,Ciudad del Vaticano
Colombia,COL,
Comoras,COM,Moroni
Congo,COG,Brazzaville
Corea del Norte,PRK,Pyongyang
Corea del Sur,KOR,Seúl
Costa de Marfil,CIV,Yamoussoukro
Costa Rica,CRI,San José
Croacia,HRV,Zagreb
Cuba,CUB,La Habana
Dinamarca,DNK,Copenhague
Dominica,DMA,Roseau
Ecuador,ECU,Quito
Egipto,EGY,El Cairo
El Salvador,SLV,San Salvador
Emiratos Árabes Unidos,ARE,Abu Dabi
Eritrea,ERI,Asmara
Eslovaquia,SVK,Bratislava
Eslovenia,SVN,Liubliana
España,ESP,Madrid
Estados Unidos de América,EUA,Washington, D.C.
Estonia,EST,Tallin
Etiopía,ETH,Addis Abeba
Filipinas,PHL,Manila
Finlandia,FIN,Helsinki
Fiyi,FJI,Suva
Francia,FRA,París
Gabón,GAB,Libreville
Gambia,GMB,Banjul
Georgia,GEO,Tiflis
Ghana,GHA,Accra
Granada,GRD,San Jorge
Grecia,GRC,Atenas
Groenlandia,GRL,Nuuk
Guadalupe,GLP,Basse-Terre
Guam,GUM,Hagåtña
Guatemala,GTM,Ciudad de Guatemala
Guayana Francesa,GUF,Cayenne
Guinea Ecuatorial,GNQ,Malabo
Guinea-Bisáu,GNB,Bissau
Haití,HTI,Puerto Príncipe
Honduras,HND,Tegucigalpa
Hong Kong,HKG,Hong Kong
India,IND,Nueva Delhi
Indonesia,IDN,Yakarta
Irak,IRQ,Bagdad
Irán,IRN,Teherán
Irlanda,IRL,Dublín
Islandia,ISL,Reykjavík
Islas Caimán,CYM,George Town
Islas Feroe,FRO,Tórshavn
Islas Marshall,MHL,Majuro
Islas Salomón,SLB,Honiara
Islas Vírgenes Británicas,VGB,Road Town
Islas Vírgenes Americanas,VIR,Charlotte Amalie
Israel,ISR,Jerusalén
Italia,ITA,Roma
Jamaica,JAM,Kingston
Japón,JPN,Tokio
Jordania,JOR,Amán
Kazajistán,KAZ,Astana
Kenia,KEN,Nairobi
Kirguistán,KGZ,Bishkek
Kiribati,KIR,Tarawa
Kosovo,KOS,Pristina
Kuwait,KWT,Ciudad de Kuwait
Laos,LAO,Vientián
Lesoto,LSO,Maseru
Letonia,LVA,Riga
Líbano,LBN,Beirut
Liberia,LBR,Monrovia
Libia,LBY,Trípoli
Liechtenstein,LIE,Vaduz
Lituania,UTL,Vilna
Luxemburgo,LUX,Luxemburgo
Macao,MAC,Concelho de Macau
Macedonia,MKD,Skopie
Madagascar,ODM,Antananarivo
Malasia,MIS,Kuala Lumpur
Malawi,MWI,Lilongwe
Maldivas,MDV,Malé
Malí,MLI,Bamako
Malta,MLT,La Valeta
Marruecos,MAR,Rabat
Mauricio,MUS,Port Louis
Mauritania,MRT,Nuakchot
México,MEX,Ciudad de México
Moldavia,MDA,Chisinau
Mónaco,MCO,Mónaco
Mongolia,MNG,Ulaanbaatar
Monserrat,MSR,Plymouth
Montenegro,EMN,Podgorica
Mozambique,MOZ,Maputo
Namibia,NAM,Windhoek
Nauru,NRU,Yaren
Nepal,NPL,Katmandú
Nicaragua,NIC,Managua
Níger,NER,Niamey
Nigeria,NGA,Abuja
Noruega,NOR,Oslo
Nueva Caledonia,NCL,Nouméa
Nueva Zelanda,NZL,Wellington
Omán,OMN,Mascate
Países Bajos,NLD,Ámsterdam
Pakistán,PAK,Islamabad
Palau,PLW,Ngerulmud
Palestina,PSE,Jerusalén
Panamá,PAN,Ciudad de Panamá
Papúa Nueva Guinea,PNG,Port Moresby
Paraguay,PRY,Asunción
Perú,PER,Lima
Polinesia Francesa,PYF,Papeete
Polonia,POL,Varsovia
Portugal,PRT,Lisboa
Puerto Rico,PRI,San Juan
Reino Unido,GBR,Londres
República Centroafricana,CAF,Bangui
República Checa,CZE,Praga
República de China,CHN,Taipei
República Dominicana,DOM,Santo Domingo
Ruanda,RWA,Kigali
Rumanía,ROU,Bucarest
Rusia,RUS,Moscú
Samoa,WSM,Apia
Samoa Americana,ASM,Pago Pago
San Cristóbal y Nieves,KNA,Basseterre
San Marino,SMR,San Marino
San Vicente y las Granadinas,VCT,Kingstown
Santa Lucía,LCA,Castries
Santo Tomé y Príncipe,STP,Santo Tomé
Senegal,SEN,Dakar
Serbia,SRB,Belgrado
Seychelles,SYC,Victoria
Sierra Leona,LES,Freetown
Singapur,SGP,Singapur
Siria,SYR,Damasco
Somalia,SOM,Mogadiscio
Sri Lanka,LKA,Sri Jayawardenapura Kotte
Suazilandia,SWZ,Mbabane
Sudáfrica,ZAF,Pretoria
Sudán,SDN,Jartum
Suecia,SUE,Estocolmo
Suiza,CHE,Berna
Surinam,SUR,Paramaribo
Tailandia,THA,Bangkok
Tanzania,TZA,Dodoma
Tayikistán,TJK,Dushanbe
Togo,TGO,Lomé
Tonga,TON,Nuku_alofa
Trinidad y Tobago,TTO,Puerto España
Túnez,TUN,Túnez
Turkmenistán,TKM,Ashgabat
Turquía,TUR,Ankara
Tuvalu,TUV,Funafuti
Ucrania,UKR,Kiev
Uganda,UGA,Kampala
Uruguay,URY,Montevideo
Uzbekistán,UZB,Tashkent
Vanuatu,VUT,Port Vila
Venezuela,VEN,Caracas
Vietnam,VNM,Hanói
Yemen,YEM,Sanaá
Yibuti,DJI,Yibuti
Zambia,ZMB,Lusaka
Zimbabue,ZWE,Harare
